date,name,isHoliday,holidayCategory,description
2014/1/1,中華民國開國紀念日,是,放假之紀念日及節日,全國各機關學校放假一日。
2014/1/4,,是,星期六、星期日,
2014/1/5,,是,星期六、星期日,
2014/1/11,,是,星期六、星期日,
2014/1/12,,是,星期六、星期日,
2014/1/18,,是,星期六、星期日,
2014/1/19,,是,星期六、星期日,
2014/1/25,,是,星期六、星期日,
2014/1/26,,是,星期六、星期日,
2014/1/30,農曆除夕,是,放假之紀念日及節日,全國各機關學校放假一日。
2014/1/31,春節,是,放假之紀念日及節日,全國各機關學校於一月三十一日至二月二日放假三日，二月一日及二月二日適逢星期六、星期日，分別於二月三日及二月四日補假一日。
2014/2/1,春節,是,放假之紀念日及節日,全國各機關學校於一月三十一日至二月二日放假三日，二月一日及二月二日適逢星期六、星期日，分別於二月三日及二月四日補假一日。
2014/2/2,春節,是,放假之紀念日及節日,全國各機關學校於一月三十一日至二月二日放假三日，二月一日及二月二日適逢星期六、星期日，分別於二月三日及二月四日補假一日。
2014/2/3,,是,補假,
2014/2/4,,是,補假,
2014/2/8,,是,星期六、星期日,
2014/2/9,,是,星期六、星期日,
2014/2/15,,是,星期六、星期日,
2014/2/16,,是,星期六、星期日,
2014/2/22,,是,星期六、星期日,
2014/2/23,,是,星期六、星期日,
2014/2/28,和平紀念日,是,放假之紀念日及節日,全國各機關學校放假一日。
2014/3/1,,是,星期六、星期日,
2014/3/2,,是,星期六、星期日,
2014/3/8,婦女節,是,紀念日及節日,適逢星期六放假一日。
2014/3/9,,是,星期六、星期日,
2014/3/15,,是,星期六、星期日,
2014/3/16,,是,星期六、星期日,
2014/3/22,,是,星期六、星期日,
2014/3/23,,是,星期六、星期日,
2014/3/29,青年節,是,紀念日及節日,適逢星期六放假一日。
2014/3/30,,是,星期六、星期日,
2014/4/4,兒童節,是,放假之紀念日及節日,全國各機關學校放假一日。
2014/4/5,民族掃墓節,是,放假之紀念日及節日,全國各機關學校放假一日。
2014/4/6,,是,星期六、星期日,
2014/4/12,,是,星期六、星期日,
2014/4/13,,是,星期六、星期日,
2014/4/19,,是,星期六、星期日,
2014/4/20,,是,星期六、星期日,
2014/4/26,,是,星期六、星期日,
2014/4/27,,是,星期六、星期日,
2014/5/1,勞動節,是,特定節日,勞工放假一日。
2014/5/3,,是,星期六、星期日,
2014/5/4,,是,星期六、星期日,
2014/5/10,,是,星期六、星期日,
2014/5/11,,是,星期六、星期日,
2014/5/17,,是,星期六、星期日,
2014/5/18,,是,星期六、星期日,
2014/5/24,,是,星期六、星期日,
2014/5/25,,是,星期六、星期日,
2014/5/31,,是,星期六、星期日,
2014/6/1,,是,星期六、星期日,
2014/6/2,端午節,是,放假之紀念日及節日,全國各機關學校放假一日。
2014/6/7,,是,星期六、星期日,
2014/6/8,,是,星期六、星期日,
2014/6/14,,是,星期六、星期日,
2014/6/15,,是,星期六、星期日,
2014/6/21,,是,星期六、星期日,
2014/6/22,,是,星期六、星期日,
2014/6/28,,是,星期六、星期日,
2014/6/29,,是,星期六、星期日,
2014/7/5,,是,星期六、星期日,
2014/7/6,,是,星期六、星期日,
2014/7/12,,是,星期六、星期日,
2014/7/13,,是,星期六、星期日,
2014/7/19,,是,星期六、星期日,
2014/7/20,,是,星期六、星期日,
2014/7/26,,是,星期六、星期日,
2014/7/27,,是,星期六、星期日,
2014/8/2,,是,星期六、星期日,
2014/8/3,,是,星期六、星期日,
2014/8/9,,是,星期六、星期日,
2014/8/10,,是,星期六、星期日,
2014/8/16,,是,星期六、星期日,
2014/8/17,,是,星期六、星期日,
2014/8/23,,是,星期六、星期日,
2014/8/24,,是,星期六、星期日,
2014/8/30,,是,星期六、星期日,
2014/8/31,,是,星期六、星期日,
2014/9/3,軍人節,否,特定節日,軍人依國防部規定辦理
2014/9/6,,是,星期六、星期日,
2014/9/7,,是,星期六、星期日,
2014/9/8,中秋節,是,放假之紀念日及節日,全國各機關學校放假一日。
2014/9/13,,是,星期六、星期日,
2014/9/14,,是,星期六、星期日,
2014/9/20,,是,星期六、星期日,
2014/9/21,,是,星期六、星期日,
2014/9/27,,是,星期六、星期日,
2014/9/28,教師節,是,紀念日及節日,適逢星期日放假一日
2014/10/4,,是,星期六、星期日,
2014/10/5,,是,星期六、星期日,
2014/10/10,國慶日,是,放假之紀念日及節日,全國各機關學校放假一日。
2014/10/11,,是,星期六、星期日,
2014/10/12,,是,星期六、星期日,
2014/10/18,,是,星期六、星期日,
2014/10/19,,是,星期六、星期日,
2014/10/25,臺灣光復節,是,紀念日及節日,適逢星期六放假一日
2014/10/26,,是,星期六、星期日,
2014/11/1,,是,星期六、星期日,
2014/11/2,,是,星期六、星期日,
2014/11/8,,是,星期六、星期日,
2014/11/9,,是,星期六、星期日,
2014/11/12,國父誕辰紀念日(中華文化復興節),否,紀念日及節日,本日照常上班。
2014/11/15,,是,星期六、星期日,
2014/11/16,,是,星期六、星期日,
2014/11/22,,是,星期六、星期日,
2014/11/23,,是,星期六、星期日,
2014/11/29,,是,星期六、星期日,
2014/11/30,,是,星期六、星期日,
2014/12/6,,是,星期六、星期日,
2014/12/7,,是,星期六、星期日,
2014/12/13,,是,星期六、星期日,
2014/12/14,,是,星期六、星期日,
2014/12/20,,是,星期六、星期日,
2014/12/21,,是,星期六、星期日,
2014/12/25,行憲紀念日,否,紀念日及節日,本日照常上班。
2014/12/27,,否,補行上班日,
2014/12/28,,是,星期六、星期日,
